movie_id	title	genres
24770	Details to Follow	earthlings-love-drama
24772	Contact	animated-universe
24774	Midnight Marathon	a-childs-perspective|supernatural
24775	Nine Minutes	deep-space-adventures|famous-faces
24777	The Right Choice	earthlings-love-drama|technology
24778	Home	aliens-monsters|famous-faces
24779	AI-POCALYPSE	essential-action|ai-robots
24780	Invaders	aliens-monsters|technology
24781	Satori [Awakening]	essential-action|mysteries-abound
24782	CTRL Z	technology|the-future-of-love
24783	The Fabric	mysteries-abound|out-of-this-world-adventures
24784	The Universe of Scotch and Häagen-Dazs	comedy-is-universal|paradoxes
24785	Regulation	earthlings-love-drama|technology
24786	Cupid's Paradise	earthlings-love-drama|technology|the-future-of-love
24787	Psychosis	body-horror|drama|mystery|psychological|horror|technology|mysteries-abound
24789	Bubble	mystery|thriller|drama|experimental|out-of-this-world-adventures|the-future-is-female|technology
24790	Outpost	out-of-this-world-adventures
24791	Who Among Us	the-future-is-female|ai-robots|out-of-this-world-adventures
24792	Reflections Full of Life	earthlings-love-drama|paradoxes|the-future-is-female
24793	Animal	aliens|creature-feature|drama|character-driven|earthlings-love-drama|aliens-monsters
24794	Starian	mysteries-abound|out-of-this-world-adventures
24795	Day One	comedy-is-universal|ai-robots
24796	Quantum Love	animated-universe
24797	The Atlas of False Desires	mysteries-abound|paradoxes
24798	Black Box	post-apocalyptic-scenarios|mysteries-abound
24810	DUST Collection	dust-collection
24811		tv-series
24865	Voskhod	stranded-abandoned|mysteries-abound|earthlings-love-drama
24869	The Automaton	horror|earthlings-love-drama|ai-robots
24870	Your Last Day on Earth	time-travel|out-of-this-world-adventures|comedy-is-universal
24878	After We Have Left Our Homes	mysteries-abound|technology
24881	Melting Point	evil-ai-assistants|comedy|comedy-is-universal
24883	Grapefruit & Heat Death!	out-of-this-world-adventures
24884	Subject 19	technology|earthlings-love-drama
24885	Progress Bar	ai-robots|technology|the-future-of-love
24886	That Phone Call	technology|earthlings-love-drama
24893	Weird or What? with William Shatner	tv-series
24894	Other Space	tv-series
24895	Psychic Investigators	tv-series
24897	Re-displacement	altered-realities|technology
24898	Ji	essential-action|aliens-monsters|the-future-of-love
24899	Lab Rat	mysteries-abound|ai-robots
24900	Sky Fighter	essential-action|earthlings-love-drama|aliens-monsters
24901	APPyness	earthlings-love-drama|technology
24902	Singularity Stories Vol. I	technology|comedy-is-universal|evil-ai-assistants
24903	Dominion	mysteries-abound|technology
24904	The Unreason	time-travel|out-of-this-world-adventures
24905	Remember Me?	post-apocalyptic-scenarios|the-future-of-love
24907		tv-series
24909		tv-series
24910		tv-series
24911		tv-series
24918	Ghosts in the Machine	documentary|sci-fi|tv-series
24926	Paranormal Mysteries	documentary|sci-fi|tv-series
24928	End of the World	documentary|sci-fi|tv-series
24930	Staunton Stalker	crime|sci-fi|tv-series
24931	River Rat	crime|sci-fi|tv-series
24932	Man Beasts	documentary|sci-fi|tv-series
24933	Ancient Mysteries	tv-series|documentary|sci-fi
24934	Psychic For The Defense	crime|sci-fi|tv-series
24935	A Taxing Death	crime|sci-fi|tv-series
24936	Power of the Mind	documentary|sci-fi|tv-series
24937	Weird Animal Behavior	documentary|sci-fi|tv-series
24938	Bad Company	crime|sci-fi|tv-series
24939	Tunnel Vision	crime|sci-fi|tv-series
24940	Premonitions	sci-fi|tv-series|documentary
24941	How Dark The Woods	crime|sci-fi|tv-series
24942	Finding Amy	crime|sci-fi|tv-series
24943	Amazing Survival	documentary|sci-fi|tv-series
24944	Monsters	documentary|sci-fi|tv-series
24945	Home After Dark	crime|sci-fi|tv-series
24946	Medical Mysteries	documentary|sci-fi|tv-series
24947	Mind Control	sci-fi|tv-series|documentary
24948	Freaks of Nature	documentary|sci-fi|tv-series
24949	Vision of Murder	crime|sci-fi|tv-series
24950	The Wrong Man	crime|sci-fi|tv-series
24951	Ted Talks	tv-series|comedy|sci-fi
24952	The Ladykillers	crime|sci-fi|tv-series
24953	Alien Encounters	documentary|sci-fi|tv-series
24954	First Contact	sci-fi|tv-series|comedy
24955	Decoy Dolly	crime|sci-fi|tv-series
24956	Aliens Walk Amongst Us	documentary|sci-fi|tv-series
24957	The Death of A.R.T.	comedy|sci-fi|tv-series
24958	Life After Death	tv-series|documentary|sci-fi
24959	Homestead Horror	crime|sci-fi|tv-series
24960	More Medical Mysteries	documentary|sci-fi|tv-series
24961	Curses	documentary|sci-fi|tv-series
24962	Parallel Worlds	documentary|sci-fi|tv-series
24963	Forced Entry	crime|sci-fi|tv-series
24964	Finale	comedy|sci-fi|tv-series
24965	Trouble's Brewing	tv-series|comedy|sci-fi
24966	Into the Great Beyond... Beyond	comedy|sci-fi|tv-series
24967	Powerless	comedy|sci-fi|tv-series
24968	Mysterious Vanishings	documentary|sci-fi|tv-series
24969	Getting to Know You	comedy|sci-fi|tv-series
24978	Don't Mess with the Sharkies	earthlings-love-drama|aliens-monsters
24980	Thalamos	out-of-this-world-adventures|horror
24981	Headcleaner	horror|mysteries-abound|technology
24982	Love Automated	technology|the-future-of-love
24983	The Beacon	paradoxes|out-of-this-world-adventures
24984	Hashtag	technology|famous-faces
24985	A Shot of Irish	supernatural|out-of-this-world-adventures
24986	LUCID	vr|technology
24987	Laws of the Universe	aliens-monsters|mysteries-abound
24988	End of Decay	horror
24989	U ME I	ai-robots|the-future-of-love
24990	Unforgettable	technology|the-future-of-love|altered-realities
24991	Stray	post-apocalyptic-scenarios|dystopian
24992	Macrocosm	technology|comedy-is-universal
24994	Teacher in a Box	technology|a-childs-perspective
24995	L'Auxiliaire	horror|mysteries-abound|earthlings-love-drama
24996	Until There Was Nothing	mysteries-abound
24997	Megan	out-of-this-world-adventures|aliens-monsters
24998	Carlos es un androide	comedy-is-universal|ai-robots
24999	Sleepworking	horror|technology|mysteries-abound|paradox
25000	Weird or What? with William Shatner	sci-fi|tv-marathons
25004	Psychic Investigators	sci-fi|tv-marathons
25028	Premise	mysteries-abound
25029	How To Be Human	a-childs-perspective|post-apocalypic-scenarios
25030	CC	famous-faces
25031	Posthuman	post-apocalyptic-scenarios|animated-universe|out-of-this-world-adventures
25032	Custom Order	technology|earthlings-love-drama|ai-robots
25033	World Builder	vr|technology|out-of-this-world-adventures
25034	State of the Union	aliens-monsters|earthlings-love-drama
25035	We Were Not Made for This World	technology|ai-robots
25036	The Long Slow Flight of the Ashbot	ai-robots|outer-space-adventures
25037	They Watch	earthlings-love-drama|dystopian
25038	The Kid	earthlings-love-drama|a-childs-perspective
25050	The Arctic Circle	out-of-this-world-adventures|animated-universe
25052	Infinitude	deep-space-adventures|unearthly-relaxation|experimental
25053	The Black Hole	out-of-this-world-adventures|comedy-is-universal
25054	Star Dogs	technology|comedy-is-universal|deep-space-adventures
25056	Doppelbänger	ai-robots|comedy-is-universal|technology
25061	DUST Podcast Season 3 | CHRYSALIS	trailer
25062	Hum	ai-robots|animated-universe
25063	On Sunday	mysteries-abound|aliens-monsters
25064	Battery Life	ai-robots|animated-universe
25065	Two Worlds	aliens-monsters|animated-universe
25066	Time Trap	out-of-this-world-adventures|comedy-is-universal
25068	James	technology|a-childs-perspective
25069	Rocketman	a-childs-perspective|technology
25070	Telescope	deep-space-adventures|essential-action
25071	Orbit Ever After	out-of-this-world-adventures|famous-faces
25072	Love Lots of It	the-future-of-love|mysteries-abound
25073	Let Them Die Like Lovers	thriller|earthlings-love-drama
25074	Caleb	a-childs-perspective|technology
25076	Planet Unknown	ai-robots|animated-universe
25078		genre
25079	The Original	horror|mysteries-abound|technology
25085	Come F*CK My Robot	the-future-is-female|the-future-of-love|comedy-is-universal
25108	Souls of Totality	famous-faces
25109	The Nostalgist	technology|a-childs-perspective
25113	The Speed of Time	famous-faces
25119	The Super Recogniser	ai-robots|famous-faces
25120	SophiaWorld	ai-robots|famous-faces
25121	The Garden	dystopian|famous-faces
25122	Donny the Drone	ai-robots|famous-faces
25124	Dr.  Easy	ai-robots|famous-faces
25125	Robot & Scarecrow	ai-robots|animated-universe|earthlings-love-drama
25126	Jonah	famous-faces
25127	After Her	mysteries-abound|famous-faces
25128	Final Offer	dust-original|aliens-monsters
25129	The Occupant	mysteries-abound|horror|aliens-monsters
25131	Bad Peter	ai-robots|famous-faces
25144		genre
25154	While You Were Sleeping	ai-robots|animated-universe|stranded-abandoned
25212	It's About Time!	mysteries-abound|time-travel
25224	ABI	evil-ai-assistants|ai-robots|horror
25226	SYNTHIA	ai-robots|horror
25227	The Helping Hand	horror|technology
25228	ARZOK	mysteries-abound|technology
25256	The Halcyon	aliens-monsters|mysteries-abound
25257	Other Space Q&A	comedy|sci-fi|tv-series
25291	A Night at Club Zenos	comedy-is-universal|aliens-monsters
25298	Beam	technology|a-childs-perspective
25303	Other Space	sci-fi|tv-marathons
25305	Seedling	mysteries-abound|aliens-monsters
25307	Restoration	sci-fi|digital-series
25308	Automata	sci-fi|digital-series
25312	Dr0ne	sci-fi|digital-series
25313	Glimpse	sci-fi|digital-series
25316	Connective Tissue	horror|aliens-monsters|technology
25416	Clearwater	horror|aliens-monsters
25431	The Replacement	earthlings-love-drama
25435	The Looking Planet	outer-space-adventures|aliens-monsters|animated-universe
25462	Travelooper	the-future-is-female|the-future-of-love
25463	Pug & Zero	tv-series
25464		genre
25737	EXILE	essential-action|dystopian|ai-robots
25741	Little Thing	aliens-monsters|animated-universe
25742	9 to 5	post-apocalyptic-scenarios|dystopian
25743	Dubs	the-future-of-love|earthlings-love-drama
25744	So You've Grown Attached	comedy-is-universal|a-childs-perspective
25745	UU	earthlings-love-drama|mysteries-abound
25746	Upload:U	vr|evil-ai-assistants
25747	Voyage of the Galactic Space Dangler	comedy-is-universal|experimental
25748	Vicious Cycle	ai-robots|animated-universe
25749	Xvoid	horror|aliens-monsters
25750	Zenith	mysteries-abound|deep-space-adventures
25751	Watch Room	vr|evil-ai-assistants|stranded-abandoned
25752	What if Wendy	earthlings-love-drama|technology
25753	Worlds Apart	mysteries-abound|paradoxes
25754	Where the Shadows Fall	post-apocalyptic-scenarios
25755	Zari	ai-robots
25756	Payload	post-apocalyptic-scenarios|thriller
25757	Program	technology|vr|the-future-of-love
25758	Preset	thriller|essential-action
25759	Pendulum	post-apocalyptic-scenarios|the-future-is-female
25760	Ovum	earthlings-love-drama|technology|horror
25761	Paleonaut	character-driven|drama|technology|the-future-of-love|time-travel
25762	Propagation	unearthly-relaxation|ai-robots
25763	Project Skyborn	paradox|mystery|actionadventure|mysteries-abound|strange-places|stranded-abandoned
25764	Phoenix Run	enhanced-humans|essential-action|supernatural
25765	Pulsar	earthlings-love-drama|ai-robots
25766	Orbit	horror|outer-space-adventures
25768	Picture Wheel	vr|mysteries-abound
25769	Populace	post-apocalyptic-scenarios|earthlings-love-drama
25770	Problemless Anonymous	enhanced-humans|comedy-is-universal
25773	Cold Caller	technology|comedy-is-universal
25774	Daisy Belle	ai-robots|animated-universe
25775	Corrections	paradox|strange-places|earthlings-love-drama|mysteries-abound|technology
25776	Freight	animated-universe|mysteries-abound
25777	Falling Apart	thriller|earthlings-love-drama
25778	Fabricated	experimental|animated-universe
25779	Exit Strategy	paradoxes|time-travel
25780	Einstein-Rosen	time-travel|a-childs-perspective
25781	Douleurless	technology|earthlings-love-drama
25782	Cradle	a-childs-perspective|deep-space-adventures
25783	Home	aliens-monsters|mysteries-abound
25784	Clean Cut	comedy|ai-robots|comedy-is-universal|technology|horror
25785	Goodbye Blue Sky	post-apocalyptic-scenarios|dystopian
25786	Grow	dystopian|post-apocalyptic-scenarios
25787	Faulty Father	ai-robots|earthlings-love-drama
25788	Face Swap	the-future-of-love|technology|comedy-is-universal
25789	Explosions	out-of-this-world-adventures|mysteries-abound|supernatural|horror
25790	Colony	horror|dystopian|the-future-is-female|monsters|post-apocalyptic-scenarios|earthlings-love-drama|outer-space-adventures
25791	Fissure	mysteries-abound|paradoxes
25792	Echoes in the Ice	creature-feature|horror|drama|character-driven|mystery|aliens|mysteries-abound|monsters|stranded-abandoned
25793	Control	stranded-abandoned|mystery|space|thriller|character-driven|the-future-is-female|deep-space-adventures
25794	Dysco	unearthly-relaxation|cyberpunk
25795	Eddie	comedy-is-universal|horror
25796	Grounded	mysteries-abound|horror|deep-space-adventures
25797	Detroit 2029	essential-action|aliens-monsters
25798	Capsules	enhanced-humans|dystopian
25799	CXL	have-time-will-travel|earthlings-love-drama
25800	Franklin's Brain	mysteries-abound|enhanced-humans
25801	Frankie	paradoxes|time-travel
25802	Contact	paradoxes|thriller|earthlings-love-drama
25803	FTL	outer-space-adventures|earthlings-love-drama
25804	Click	horror|a-childs-perspective
25805	Hyperlight	deep-space-adventures|essential-action
25806	Hench	comedy-is-universal|horror
25807	Gamma	earthlings-love-drama|mysteries-abound
25808	Gateway	mysteries-abound|technology
25809	Fight Machine	enhanced-humans|essential-action
25810	EmPath	the-future-of-love|earthlings-love-drama
25811	Dysmorphia	horror|technology
25812	Children of the Cosmos	deep-space-adventures|comedy-is-universal
25813	Cargo	a-childs-perspective|adventure
25814	Campers	paradoxes|horror|the-future-of-love
25815	Good Luck, Jeffrey Brown	comedy|comedy-is-universal|post-apocalyptic-scenarios
25816	Deep Clean	horror|aliens-monsters
25817	Hello World :)	earthlings-love-drama|thriller|cyberpunk
25818	Doubles	paradoxes|comedy-is-universal
25819	Helio	thriller|dystopian
25820	Hibernation	deep-space-adventures|horror
25822	Expo	deep-space-adventures|earthlings-love-drama
25824	Future Boyfriend	the-future-of-love|time-travel
25825	Cradle	famous-faces
25826	Embers & Dust	aliens-monsters|earthlings-love-drama|a-childs-perspective
25827	Children of Future Sleep	animated-universe|ai-robots
25828	Dedalo	horror|aliens-monsters
25829	E.I.: Emotional Intelligence	technology|animated-universe
25830	Echo/Back	thriller|time-travel
25831	Hybrids	aliens-monsters|essential-action
25832	Exist	thriller|aliens-monsters
25834	Divisor	cyberpunk|animated-universe
25835	Good Business	sci-fi|thriller|aliens-monsters
25836	Golden Shot	robots|animated|stranded-abandoned|technology|animated-universe|ai-robots|fantasy|drama
25837	Iteration 1	earthlings-love-drama|mysteries-abound
25838	Kept	earthlings-love-drama
25839	I Know The Truth	earthlings-love-drama|aliens-monsters
25840	Incoming Call	mysteries-abound|paradoxes
25841	Indigo	ai-robots|the-future-is-female
25842	Interview with a Time Traveller	the-future-is-female|time-travel
25843	In the Pines	experimental|mysteries-abound
25844	Isolated	post-apocalyptic-scenarios|horror
25845	Infinite Scroll	technology|animated-universe
25846	King Ripple	fantasy|famous-faces
25847	IRIS	ai-robots|dystopian
25848	Interlude	earthlings-love-drama|mysteries-abound
25849	What Once Was	earthlings-love-drama|deep-space|stranded-abandoned
25850	Ayamé	post-apocalyptic-scenarios|horror
25851	As You Were	enhanced-humans|earthlings-love-drama
25852	Bears Discover Fire	mysteries-abound|earthlings-love-drama
25853	A Date in 2025	comedy-is-universal|the-future-of-love
25854	Atoms of Uncontrollable Silence	experimental|technology
25855	Astroknot	animated-universe|comedy-is-universal
25856	Bibo	ai-robots|animated-universe
25857	Beautiful Dreamer	time-travel|paradoxes
25858	Bag Man	a-childs-perspective|technology
25859	Apocalypse Now Now	earthlings-love-drama|horror
25860	A Crimson Man	ai-robots|adventure|a-childs-perspective
25861	6:35PM PST	thriller|aliens-monsters
25862	Anomaly	deep-space-adventures|earthlings-love-drama
25863	Amendment 10/60	time-travel|dystopian|post-apocalyptic-scenarios
25864	Alientologists	comedy-is-universal|aliens-monsters
25865	Bar Talk	essential-action|ai-robots
25866	Again	earthlings-love-drama|technology
25867	Breaker	cyberpunk|technology
25868	Abe	ai-robots|horror
25869	Amp	essential-action|ai-robots
25870	97%	technology|digital-love
25871	Biopunk	enhanced-humans|cyperpunk
25872	Auroras	the-future-of-love|enhanced-humans|cyberpunk
25873	Always the Sun	thriller|earthlings-love-drama
25874	2084	technology|comedy-is-universal
25875	An Eldritch Place	horror|mysteries-abound
25876	Archetype	essential-action|ai-robots
25877	Binge Watching	vr|dystopian
25878	A Stitch in Time	time-travel|paradoxes
25879	Augmented	mysteries-abound|thriller
25880	43,000 Feet	earthlings-love-drama
25881	Azarkant	ai-robots|deep-space-adventures
25882	ANA	thriller|ai-robots
25884	Box 616	technology|have-time-will-travel|paradox|mysteries-abound
25885	Aeranger	adventure|aliens-monsters
25887	Bear With Me	ai-robots|earthlings-love-drama
25888	Hard Reset	ai-robots|cyberpunk
25889	Prospect	adventure|a-childs-perspective
25890	Untogethered	thriller|essential-action
25891	White Lily	deep-space-adventures|ai-robots
25892	World War	animated-universe|ai-robots|essential-action
25893	Circles	horror|aliens-monsters
25894	On | Off	deep-space-adventures|mysteries-abound
25895	The Terrible Thing of Alpha 9!	animated-universe|deep-space-adventures
25896	Trial	thriller|technology
25897	Tree House Time Machine	time-travel|a-childs-perspective
25898	Traveler	thriller|technology
25899	Tower-D	technology|dystopian
25900	Toonocalypse	adventure|aliens-monsters
25902	Through Fire She Calls	mysteries-abound|technology
25903	The Woo	technology|vr|the-future-of-love
25904	The Redemption Act	earthlings-love-drama|the-future-of-love
25905	The Tale of Mr. Revus	animated-universe
25906	The Pale Moonlight	dystopian|earthlings-love-drama
25907	The Manual	ai-robots|dystopian
25908	The Cosmic Dope	comedy-is-universal|experimental
25909	The Sweetening	technology|vr|earthlings-love-drama
25910	The Leap	post-apocalyptic-scenarios|dystopian
25911	The Time Agent	thriller|time-travel
25913	The Last Transmission	earthlings-love-drama|mysteries-abound
25914	The Stowaway	thriller|a-childs-perspective
25915	The Giraffe Who Knew Too Much	a-childs-perspective|dystopian
25916	The OceanMaker	adventure|animated-universe
25917	The Shepherd	aliens-monsters|animated-universe
25918	The New Politics	comedy-is-universal|technology
25919	The Bug	unearthly-relaxation|experimental
25920	The Masseuse	the-future-of-love|ai-robots
25921	The Privates	a-childs-perspective
25922	The Run	mysteries-abound|paradoxes|thriller
25923	The Guilt	earthlings-love-drama|thriller
25924	The Give and Take	paradoxes|a-childs-perspective
25925	The Chamber	mysteries-abound|technology
25926	The Adept	adventure|time-travel
25929	The Guide	a-childs-perspective|future-of-love|have-time-will-travel
25930	Therefore I Am	time-travel|mysteries-abound
25932	Responsibly Sourced	post-apocalyptic-scenarios|earthlings-love-drama|dystopian
25933	Room 6	technology|horror|vr
25934	Redeem the Beginning	essential-action|dystopian
25935	Shift	earthlings-love-drama|mysteries-abound
25937	Seam	enhanced-humans|essential-action
25939	The Secret Number	mind-blowing-experiments|paradoxes
25940	Sinner	dystopian
25941	Tears of Steel	technology|the-future-of-love
25942	Temple	enhanced-humans|technology
25943	R'ha	essential-action|aliens-monsters
25944	Strange Beasts	vr|technology
25945	Swiped	digital-love|technology
25946	Terrarial	ai-robots|dystopian|post-apocalyptic-scenarios
25947	Tears in Rain	unearthly-relaxation|cyberpunk
25948	Strange Alloy	experimental|animated-universe
25949	Rendezvous with Mars	animated-universe|the-future-of-love|family-friendly|space
25950	The Last Dance	the-future-of-love|earthlings-love-drama
25951	Ruptured	sci-fi|horror|technology
25952	Stevie's Aliens	aliens-monsters|a-childs-perspective
25953	Song in the Sky	animated-universe|adventure
25954	reStart	time-travel|paradoxes
25955	Singularity	thriller|essential-action
25956	Snapdragons	technology|earthlings-love-drama
25957	Robots of Brixton	essential-action|animated-universe
25958	Technology Lake: Meditations on Death & Sex	experimental|comedy-is-universal|vr
25959	Thanks for the Memories	paradox|strange-places|out-of-this-world-adventures|mysteries-abound|have-time-will-travel|time-travel
25960	Telepathy	thriller|earthlings-love-drama
25961	Space Girls	out-of-this-world-adventures|a-childs-perspective
25962	Terminally Happy	earthlings-love-drama|enhanced-humans
25963	Meta Man	essential-action|animated-universe
25964	Last of You	thriller|earthlings-love-drama
25965	Number 13	post-apocalyptic-scenarios
25966	NoRo	thriller|earthlings-love-drama
25967	No-A	essential-action|ai-robots
25968	Nice Shoes	experimental|comedy-is-universal
25969	Next Door	comedy-is-universal|the-future-of-love
25970	New Media	animated-universe|aliens-monsters
25972	Myosis	experimental|animated-universe
25973	Multiverse Dating for Beginners	time-travel|the-future-of-love
25974	Mnemosyne Rising	mysteries-abound|deep-space-adventures
25975	Mis-Drop	thriller|technology
25976	Metta Via	experimental|ai|robots|space|mystery|the-future-of-love
25977	Memoir	time-travel|thriller
25978	Mech | Human Trials	earthlings-love-drama|enhanced-humans
25979	Maria Fernanda in Time	time-travel|paradoxes
25980	Man in Phone	dont-answer-the-phone|technology
25981	Make Do or Mend	supernatural|mysteries-abound
25982	Magnum Opus	animated-universe|technology
25983	Macabre	animated-universe|horror
25984	Lunatique	post-apocalyptic-scenarios
25985	Luma	aliens-monsters|post-apocalyptic-scenarios
25986	Lunar	thriller|ai-robots
25987	Lucid Nation	a-childs-perspective|out-of-this-world-adventures|technology
25991	Life Begins at Rewirement	earthlings-love-drama|technology
25992	Leviathan Ages	animated-universe|aliens-monsters
25993	Level	horror|mysteries-abound|essential-action|aliens-monsters
25994	La Planete Nombril	animated-universe|aliens-monsters
25996	The Promise	ai-robots
25997	Sync	thriller|technology
25998	LIVE	the-future-is-female|ai-robots|earthlings-love-drama
25999	Slaughterbots	horror|ai-robots|technology
26001	The Gill Pill	thriller|horror
26002	Safe Haven	horror|earthlings-love-drama
26003	The Roma Project	mysteries-abound|earthlings-love-drama
26019	Deep Dive	technology|altered-realities
26024	The Last	ai-robots
26043	ALONE	earthlings-love-drama|mysteries-abound|deep-space-adventures
26047	Road Rage	comedy-is-universal|time-travel|have-time-will-travel
26050	Vikaari	enhanced-humans|a-childs-perspective
26053	Snowflakes	earthlings-love-drama|mysteries-abound
26055	Article 19-42	mysteries-abound|ai-robots|horror
26056	REWIND	earthlings-love-drama|ai-robots
26061	DUST | Coming Soon	trailer
26062	DUST FLOW	dust-flow
26063		dust-flow
26064	A Meditative Experience	sci-fi|dust-flow
26066	An Immersive Experience	sci-fi|dust-flow
26089	While Everything Is Asleep	animated-universe|music
26090	Kiko	ai-robots
26091	Avarya	deep-space-adventures|animated-universe|ai-robots
26095	High Score	animated-universe|post-apocalyptic-scenarios
26097	This is a Test	experimental|have-time-will-travel
26100	Pinki	ai-robots|technology
26105	DUST Podcast	dust-podcast
26106		genre
26107		genre
26108		genre
26112	DUST Channel Trailer	out-of-this-world-adventures
26113	The Future Awaits | DUST Channel Trailer	out-of-this-world-adventures
26114	Here Comes Frieda	post-apocalyptic-scenarios|dystopian
26116	PIA	the-future-of-love|ai-robots
26117	This Time Away	ai-robots|famous-faces
26124	Protocole Sandwich	technology|animated-universe
26126	Flyby	have-time-will-travel|the-future-of-love
26149	Stucco	psychological
26151	A Robot is a Robot	ai-robots
26155	Kinetic	a-childs-perspective|essential-action
26158	LUVSIK	technology|the-future-of-love
26161	Part One: Awake	dust-podcast|sci-fi
26162	Iterations: Seat 13F	sci-fi|dust-podcast
26163	A Ghost in the Machine	sci-fi|dust-podcast
26164	Part Ten: Revelation	sci-fi|dust-podcast
26165	Part Two: Dead Space	sci-fi|dust-podcast
26166	Genborn	dust-podcast|sci-fi
26167	Just One Ship	sci-fi|dust-podcast
26168	Part Fourteen: Dawn	sci-fi|dust-podcast
26169	Last: Seat 42E	sci-fi|dust-podcast
26170	Homecoming: Seat 29F	sci-fi|dust-podcast
26171	Collapse: Seat 12C	sci-fi|dust-podcast
26172	Part Eight: Momentum	sci-fi|dust-podcast
26173	Dido's Lament: Seat 14C	sci-fi|dust-podcast
26174	Oblivion is a Crease Left by Memory: Seat 17F	sci-fi|dust-podcast
26175	Part Six: Overture	sci-fi|dust-podcast
26176	Part Five: Fallout	sci-fi|dust-podcast
26177	Part Twelve: The Blade's Edge	dust-podcast|sci-fi
26178	Gap Year: Seat 28K	sci-fi|dust-podcast
26179	The Motivation Cure	sci-fi|dust-podcast
26180	Treatment Option: Seat 39J	sci-fi|dust-podcast
26181	Pendulum	sci-fi|dust-podcast
26182	Part Three: The Game	dust-podcast|sci-fi
26183	Part Eleven: Genesis	sci-fi|dust-podcast
26184	Beyond Lies the Wub	sci-fi|dust-podcast
26185	Morning Glory: Seat 42A	sci-fi|dust-podcast
26186	Sanctity & Targeted Adverts	sci-fi|dust-podcast
26187	Part Seven: Time Dilation	sci-fi|dust-podcast
26188	Part Four: The Swarm	sci-fi|dust-podcast
26189	 Part Nine: Control	sci-fi|dust-podcast
26190	Part Thirteen: Contact	sci-fi|dust-podcast
26256	Unregistered	dystopian|thriller
26265	Best Friend	sci-fi|vr|technology
26270	Science+	technology|comedy-is-universal
26289	Don't Forget to Remember	post-apocalyptic-scenarios|time-travel
26290	Burn Out	strange-places|deep-space-adventures
26307	ALT	sci-fi|digital-series
26308	CARONTE	earthlings-love-drama|out-of-this-world-adventures
26320	The Big Nothing	sci-fi|digital-series
26321	Camgirl	technology|earthlings-love-drama
26327	System Error	comedy-is-universal
26338	Red Rover	post-apocalyptic-scenarios|dystopian
26339	Ryoko's Qubit Summer	ai-robots
26341	How is this the world	mysteries-abound|the-future-of-love|vr
26342	FLOATERS	animated-universe
26343	New Mars	earthlings-love-drama
26344	BYGONE	technology
26345	River	earthlings-love-drama
26346	McPherson's Toys	animated-universe
26347	Real Connection	technology|the-future-of-love
26348	I DREAM	technology
26350	14 Minutes From Earth	documentary|feature-film
26351	Dr. Megavolt: From Geek to Superhero	documentary|feature-film
26352	The Space Invaders: In Search of Lost Time	documentary|feature-film
26353	The Reconstruction of William Zero	thriller|sci-fi|feature-film
26354	Sky Line	documentary|feature-film
26357	More Human Than Human	documentary|feature-film
26358	The Workplace	deep-space-adventures|the-future-is-female
26379	The Beach House on Morro Lane	future-of-love|technology
26381	LIMBO	technology|mysteries-abound|earthlings-love-drama
26395	Muse	ai-robots|earthlings-love-drama
26396	Seechers	enhanced-humans
26399	Dolly.Zero	animated-universe
26409	EVA	altered-realities|earthlings-love-drama
26410	The Unboxing Video	technology
26411	Adam 2.0	ai-robots
26481	Kālewa	strange-places|out-of-this-world-adventures
26482	A Week With Rebecca	ai-robot|the-future-of-love
26485	In Search of Aliens	sci-fi|tv-marathons
26486	UFO Hunters	sci-fi|tv-marathons
26487	No Guarantee	earthlings-love-drama|technology
26488	Fenestra	mysteries-abound|aliens-monsters
26489	The Bargain	technology|earthlings-love-drama
26490	EDEN	earthlings-love-drama|out-of-this-world-adventures
26496	Algorithm	ai-robots-technology
26498	Dominant Species	aliens-monsters|lgbtq
26501	The Shipment	aliens-monsters|essential-action|earthlings-love-drama
26513	An Incomplete Education: In the Beginning	sci-fi|digital-series
26514	An Incomplete Education	sci-fi|digital-series
26527	UFO Hunters	tv-series
26528	In Search of Aliens	tv-series
26529		genre
26530		genre
26531	The Mystery of the Cyclops	documentary|sci-fi|tv-series
26532	The Hunt For Atlantis	sci-fi|tv-series|documentary
26533	The Alien Code	documentary|sci-fi|tv-series
26534	The Roswell Rock	documentary|sci-fi|tv-series
26535	 The Mystery of Puma Punku	documentary|sci-fi|tv-series
26536	The Founding of America	documentary|sci-fi|tv-series
26537	Nazi Time Travelers	documentary|sci-fi|tv-series
26538	The Mystery of Loch Ness	documentary|sci-fi|tv-series
26539	Searching for Bigfoot	sci-fi|tv-series|documentary
26540	The Mystery of Nazca	documentary|sci-fi|tv-series
26541	Nazi UFOs	documentary|sci-fi|tv-series
26542	Underground Alien Bases	documentary|sci-fi|tv-series
26543	The Greys Conspiracy	tv-series|documentary|sci-fi
26544	Underwater Area 51	documentary|sci-fi|tv-series
26545	 Underwater Alien Bases	documentary|sci-fi|tv-series
26546	UFO Surveillance	sci-fi|tv-series|documentary
26549	It's Okay	technology|earthlings-love-drama
26550	ARK	earthlings-love-drama|the-future-is-female
26556	Origin	a-childs-perspective|deep-space-adventures
26557	Zoe	deep-space-adventures|a-childs-perspective
26558	HAPPY HUNTING	out-of-this-world-adventures
26559	Speak Only Good of the Dead	the-future-of-love|ai-robots|earthlings-love-drama
26560	AUTONOMOUS	animated-universe|cyberpunk
26561	Intelligentia	mysteries-abound|ai-robots
26562	Alpha Squadron	out-of-this-world-adventures|comedy-is-universal
26563	H.appiness	technology|earthlings-love-drama
26569	A Regenerative Experience	sci-fi|dust-flow
26571	Epoch	fantasy|deep-space-adventures|earthlings-love-drama
26572	DUST | Five-Year Anniversary	trailer
26600	A Regenerative Experience | Episode 4	sci-fi|dust-flow
26601	A Regenerative Experience | Episode 1	sci-fi|dust-flow
26602	A Regenerative Experience | Episode 2	sci-fi|dust-flow
26603	A Regenerative Experience | Episode 3	sci-fi|dust-flow
26604	A Regenerative Experience | Episode 5	sci-fi|dust-flow
26605	A Regenerative Experience | Episode 6	sci-fi|dust-flow
26606	An Immersive Experience | Episode 4	sci-fi|dust-flow
26607	An Immersive Experience | Episode 2	sci-fi|dust-flow
26608	An Immersive Experience | Episode 1	dust-flow|sci-fi
26609	An Immersive Experience | Episode 3	sci-fi|dust-flow
26618	Ripple Effect	a-childs-perspective|earthlings-love-drama
26628	Perfect Man	technology|comedy-is-universal
26629	DISPEL	a-childs-perspective|fantasy|the-future-is-female
26630	Liminal	aliens-monsters|earthlings-love-drama
26631	Laura & Vineta	aliens-monsters
26632	Floreana	fantasy|post-apocalyptic-scenarios|animated-universe
26633	2 Bullet Solution 	earthlings-love-drama|essential-action
26634	Stuck	deep-space-adventures|earthlings-love-drama
26635	The Shaman	ai-robots|essential-action|fantasy|anime
26636		tv-series
26637		tv-series
26638	Meteorite Men	tv-series
26639		genre
26640	The Buzzard Coulee Fireball and Whitecourt Crater, Canada	tv-series
26641	Kansas Rock	tv-series
26642	Ash Creek Fall, Texas	tv-series
26643	The Dry Lake Bed, Nevada	tv-series
26644	The Gold Basin, Arizona	tv-series
26645	Tucson Ring Mystery, Southern Arizona	tv-series
26646	Odessa Iron Meteorite Crater, Texas	tv-series
26647	Femme Fatality	tv-series|crime|sci-fi
26648	Margie Calciano	crime|sci-fi|tv-series
26649	Burning Betrayal	crime|sci-fi|tv-series
26650	Lynsey Quy	crime|sci-fi|tv-series
26651	Lawrence Mbroh	crime|sci-fi|tv-series
26652	Southern Organs Case	crime|sci-fi|tv-series
26653	Till Death Do Us Part	crime|sci-fi|tv-series
26654	A Killer Among Us	tv-series|crime|sci-fi
26655	Family Ties	crime|sci-fi|tv-series
26656	Damage Done	crime|sci-fi|tv-series
26657	Penney Serra	crime|sci-fi|tv-series
26658	Darryl Cozart	crime|sci-fi|tv-series
26659	Mark Green	crime|sci-fi|tv-series
26660	Murder Too Close To Home	crime|sci-fi|tv-series
26661	Fatal Extraction	sci-fi|tv-series|crime
26662	Rachel Domas	crime|sci-fi|tv-series
26663	Who Killed the Flower Girl?	crime|sci-fi|tv-series
26664	Jason Williams	crime|sci-fi|tv-series
26665	Taken By Storm	crime|sci-fi|tv-series
26666	Alexis Burke	crime|sci-fi|tv-series
26667	Amie Hoffman	crime|sci-fi|tv-series
26668	Breaking Up is Hard to Do	sci-fi|tv-series|crime
26669	Jacqueline Poole	crime|sci-fi|tv-series
26670	What Lies Below	crime|sci-fi|tv-series
26671	Halloween Homicide	crime|sci-fi|tv-series
26672	Rosa Talamantes	tv-series|crime|sci-fi
26673	Baton Rouge	crime|sci-fi|tv-series
26674	Suddenly Psychic	crime|sci-fi|tv-series
26675	Buried in Debt	sci-fi|tv-series|crime
26677	Mick Hughes	crime|sci-fi|tv-series
26678	Orbital Redux	tv-series
26679		genre
26680	Replacement	sci-fi|digital-series
26681	Autoreply	sci-fi|digital-series
26682	Ransomware	sci-fi|digital-series
26683	Trainee	sci-fi|digital-series
26684	Moon Station	sci-fi|digital-series
26685	Space Junk	sci-fi|digital-series
26686	EVA	digital-series|sci-fi
26687	Earth Station	sci-fi|digital-series
26695	E-X-T	earthlings-love-drama|ai-robots|essential-action
26696	MUFFIN	horror|technology|earthlings-love-drama
26700	Tales from the Multiverse	fantasy|comedy-is-universal|animated-universe
26701	Extent	technology
26702	Merv	the-future-of-love|post-apocalyptic-scenarios
26703	Rocket Roaches	aliens-monsters|fantasy|out-of-this-world-adventures
26704	OUTCAST	enhanced-humans|essential-action
26705	ROAM: Rider Of Another Mortal	earthlings-love-drama|anime|essential-action
26706	Flotando	fantasy|comedy-is-universal
26707	Imaginary Friend	technology|earthlings-love-drama
26708	Kernel	animated-universe
26709	Better Than Neil Armstrong	a-childs-perspective
26710	Urban Legends	tv-series
26711		genre
26713	The Dark Side	tv-series
26714	Weird Woundings	tv-series
26715	Fickle Finger of Fate	tv-series
26716	When Animals Think	tv-series
26717	Mixed Up in Crime	tv-series
26718	What a Way to Go	tv-series
26719	Good and Evil	tv-series
26720	The Human Body	tv-series
26721	No Excuses for Stupidity	tv-series
26722	Cheating Death	tv-series
26723	It Seemed Like a Clever Idea	tv-series
26724	Neighbors	tv-series
26725	Marriage and Affairs	tv-series
26726	Mail Mix Ups	tv-series
26727	The Stuff of Nightmares	tv-series
26728	DOWN TO EARTH	a-childs-perspective|aliens-monsters
26730		tv-series
26731		tv-series
26732	Wisconsin Fireball	tv-series
26733	Morasko, Poland	tv-series
26734	Dronino, Russia	tv-series
26735	Pultusk, Poland	tv-series
26736	Australia 1: Henbury Craters	tv-series
26737	Sahuarita, Arizona	tv-series
26738	Chile 2: Monturaqui Crater & San Juan	tv-series
26739	Chile 1: Imilac & Vaca Muerta	tv-series
26740	Return to Whitecourt	tv-series
26742	Sweden	tv-series
26743	Kansas: Return To Alpha	tv-series
26744	Australia 2: Mundrabilla	tv-series
26745	Utah Fireball	tv-series
26746	Homestead	tv-series
26747	Shehr e Tabassum	technology|animated-universe
26748	Untitled Earth Sim 64	comedy-is-universal|technology
26749	Lifeline	technology|comedy-is-universal
26750	Return to Sweden	tv-series
26751		dust-collection
26752		dust-collection
26789	Orbital Redux Watch Party	comedy|sci-fi|tv-series
26792	Orbital Redux: Behind the Scenes	comedy|sci-fi|tv-series
26795	Atropa	tv-series
26796		genre
26801	Pilot	out-of-this-world-adventures
26802	Doppelgänger	out-of-this-world-adventures
26803	Ring	out-of-this-world-adventures
26804	Choices	out-of-this-world-adventures
26805	Time	out-of-this-world-adventures
26806	Fate	out-of-this-world-adventures
26807	Checkmate	out-of-this-world-adventures
26808	Bliss Is Orange	technology|the-future-of-love|lgbtq
26809	Robu	out-of-this-world-adventures|fantasy
26810	Robert the Robot	post-apocalyptic-scenarios|ai-robots
26811	Soulmate	a-childs-perspective|dystopian
26812	Phenomenon: The Lost Archives	tv-series
26813		genre
26814	Stolen Glory: The Cover-up of Cosmonaut Vladimir Ilyushin	tv-series
26815	American Midnight	tv-series
26816	Heavy Watergate: The War Against Cold Fusion	tv-series
26817	Tunguska: The Russian Roswell	tv-series
26818	Lost Lightning: The Missing Secrets of Nikola Tesla	tv-series
26819	Keeping the Faith	tv-series
26820	Unknown Encounter	tv-series
26821	Monopoly Men	tv-series
26822	H.A.A.R.P.: Holes in Heaven?	tv-series
26823	Genesis Revisited	tv-series
26824	Noah's Ark Found?	no-genre
26825	Irretrievably Lost: The Search for the Savannah Warhead	tv-series
26826	Science Fraud: Is the Tail Wagging the Dog?	tv-series
26827	Up for Sale	tv-series
26828		tv-series
26829		tv-series
26830	Bad Sports	tv-series
26831	Stolen Dreams	tv-series
26832	One Wedding, Two Funerals	tv-series
26833	Beyond Belief	tv-series
26834	Best Laid Plans	tv-series
26835	Love Hurts	tv-series
26836	Bad Medicine	tv-series
26837	Under Wraps	tv-series
26838	Love and War	tv-series
26839	Welcome Home?	tv-series
26841	Stranger Than Fiction	tv-series
26842	Bad Calls	tv-series
26843	Heads or Tails	tv-series
26845	Upstairs, Downstairs	tv-series
26847	Lost and Found	tv-series
26848	More Than Meets the Eye	tv-series
26849	Blink of an Eye	tv-series
26850	The Terrible Truth	tv-series
26851	Family Affairs	tv-series
26852	Reap What You Sow	tv-series
26853	Close Calls	tv-series
26854	Three Degrees of Separation	tv-series
26855	Auto-Gedden	tv-series
26856	Big Mistakes	tv-series
26857	Expect the Unexpected	tv-series
26858	Immaculate Deceptions	tv-series
26859	Twisted Fate	tv-series
26860	Skeletons in the  Closet	tv-series
26861	Missing Pieces	tv-series
26862	Out of the Blue	tv-series
26863	Amityville: It's About Time	feature-film
26864	Amityville: A New Generation	feature-film
26866	Amityville: Dollhouse	feature-film
26867	Amityville: The Evil Escapes	feature-film
26868	Burnt Grass	horror|mysteries-abound
26870	VOYAGER	mysteries-abound|body-horror|horror
26896	Paranormal Solutions Inc	digital-series
26897		digital-series
26898	ALTER Collection	tv-series
26899		tv-series
26900		tv-series
26901		tv-series
26902	ASIAN GIRLS	women-in-horror
26903	CARNAL ORIENT	women-in-horror
26904	Mystery Box	slasher
26905	Box Room	creepy-creatures
26906	The Silent Lay Steady	historical-horror|spirits-linger
26907	Electromagnetic	screaming-sci-fi
26908	The Hoaxing	women-in-horror|spirits-linger|famous-haunted
26909	LOCKSMITHS	the-real-world-sucks
26910	Hungry Joe	all-thriller-no-filler
26911	Nail	all-thriller-no-filler
26912	Couples Therapy	laugh-to-hide-your-fear
26913	The Doppel Chain	spirits-linger
26914	Hada	spanish-scares
26915	The Silent Dog	psychological
26916	Lane 9	women-in-horror
26917	LUCY'S TALE	women-in-horror|teenage-turmoil
26918	STAY	laugh-to-hide-your-fear|cultish-covens
26919	Animals	animated-anarchy
26920	Oscar's Bell	creepy-creatures
26921	Special Day	teenage-turmoil
26923	MAKR	women-in-horror
26924	Crazy Car	the-final-girls
26926	Z-GOAT: First Bleat	creepy-creatures
26927	bnb	the-real-world-sucks
26928	Rito de Paso	spanish-scares
26929	FUCKKKYOUUU	pride-all-the-time
26930	SHUT EYE 2	women-in-horror
26931	Post Mortem Mary	spirits-linger
26933	Origin	creepy-creatures
26934	Timothy	spanish-scares
26935	The Vicious	the-real-world-sucks
26936	East Hell	laugh-to-hide-your-fear|teenage-turmoil
26937	The Lonely Host	women-in-horror|the-real-world-sucks
26938	Wet Willy	spirits-linger
26939	Blackwood	spirits-linger
26940	O.I	all-thriller-no-filler
26941	FOR OLD TIMES SAKE	spirits-linger
26942	Undress Me	women-in-horror|teenage-turmoil
26943	BLOOD HIGHWAY	slasher
26944	Midnight Clear	holiday-horror
26945	TONIGHT IT'S YOU	holy-hell
26946	Deep Dish Apocalypse	laugh-to-hide-your-fear
26947	SYBIL	women-in-horror|laugh-to-hide-your-fear
26948	TiCK	good-guy-vampires|women-in-horror
26949	The Bloody Ballad of Squirt Reynolds	laugh-to-hide-your-fear
26950	4x6	spirits-linger
26951	Night Diner	all-thriller-no-filler
26952	THE LOVER	women-in-horror
26953	Hammurabi	femme-fatal
26954	Splendona	psychological
26955	The Bridge Partner	all-thriller-no-filler|famous-haunted
26956	Imagine A World	women-in-horror|laugh-to-hide-your-fear
26957	Invaders	laugh-to-hide-your-fear
26958	The Surrogate	animated-anarchy
26959	Spirit #1	spirits-linger|laugh-to-hide-your-fear
26960	Tracks	micro-screams|creepy-creatures
26961	LA SIRENA	pride-all-the-time|women-in-horror
26963	DEAD HEARTS	laugh-to-hide-your-fear|zombies
26964	Eaglewalk	laugh-to-hide-your-fear|teenage-turmoil
26965	Dual	psychological
26966	Home Education	psychological
26967	Mama PingPong Social Club	good-guy-vampires
26968	Demon	holy-hell
26969	Dead Mall	femme-fatal
26970	Valerio’s Day Out	creepy-creatures
26971	COMPULSION	all-thriller-no-filler
26972	The Woods	zombies
26973	GUILT	psychological
26974	The Rule Of Three	the-final-girls
26975	How To Be Alone	psychological
26976	Wrong Number	spirits-linger
26977	Creaker	the-real-world-sucks
26978	Bargain	spirits-linger
26979	Born Again	holy-hell|holiday-horror
26980	Lili	women-in-horror|the-final-girls|good-guy-vampires
26981	a function	all-thriller-no-filler
26982	CRESWICK	women-in-horror|spirits-linger
26983	The Invaders	the-real-world-sucks
26984	Meat Eater	laugh-to-hide-your-fear|micro-screams
26985	Rue	pride-all-the-time|creepy-creatures
26986	The Three Men You Meet at Night	the-real-world-sucks
26987	The pulley by Steven Kwang	women-in-horror|laugh-to-hide-your-fear
26989	The Sunken Convent	holy-hell
26990	The Armoire	spirits-linger
26991	My Bloody Valentine	slasher
26992	CARNIVORE	laugh-to-hide-your-fear
26993	Consurgo	all-thriller-no-filler
26994	FANATICO	women-in-horror|the-final-girls|laugh-to-hide-your-fear|holy-hell
26995	O Negative	bitesize-vampires|good-guy-vampires
26996	The Blue Door	famous-haunted
26997	Piggy	women-in-horror|the-final-girls|teenage-turmoil
26998	Smear	women-in-horror|creepy-creatures
26999	The Girl in the Woods	women-in-horror
27000	Alice Jacobs is Dead	zombies
27001	The Hidebehind	creepy-creatures
27002	Death Metal	laugh-to-hide-your-fear
27003	Foxwood	laugh-to-hide-your-fear|holiday-horror
27004	NIGHT OF THE SLASHER	the-final-girls|laugh-to-hide-your-fear
27005	Blood Orange	all-thriller-no-filler
27006	Duérmete Niño	spirits-linger
27007	Where Blood Lies	historical-horror
27008	Lovers Never Say Goodbye	pride-all-the-time|zombies
27009	The Last Halloween	spirits-linger
27010	Riley Was Here	zombies
27011	We Follow You	laugh-to-hide-your-fear
27012	The Stomach	all-thriller-no-filler
27013	The Pickman Model	laugh-to-hide-your-fear
27014	Dead House	run-from-tomorrow
27015	MATEO	zombies|micro-screams
27016	MAGGIE MAY	psychological
27017	Room for Rent	pride-all-the-time|cultish-covens
27018	Jezebel	bitesize-vampires|good-guy-vampires
27019	In Full Bloom	women-in-horror
27020	SUSPENSE	creepy-creatures
27021	Other Side of the Box	holiday-horror
27022	Sell Your Body	laugh-to-hide-your-fear|women-in-horror|pride-all-the-time
27023	Concealer	psychological
27024	The Beaning	holy-hell
27025	SHHH	creepy-creatures
27026	THE DOLLMAKER	spirits-linger|psychological
27027	LUIS	spanish-scares
27028	God’s Kingdom	holy-hell
27029	INSECTICIDE	psychological
27030	Model Family	the-real-world-sucks
27031	Daddy's Girl	spirits-linger|good-guy-vampires
27032	ALL YOU CAN CARRY	zombies
27033	Crying Bitch	laugh-to-hide-your-fear
27034	The Outsider	creepy-creatures
27035	Glass Cabin	the-real-world-sucks|all-thriller-no-filler
27037	And They Watched	women-in-horror|spirits-linger
27038	We Summoned a Demon	laugh-to-hide-your-fear
27039	Van	spirits-linger
27040	Initiation	psychological
27041	C A U G H T	creepy-creatures
27042	Night Land	zombies
27043	Kookie	slasher
27044	Night Crawl	creepy-creatures
27045	IN A FOREIGN TOWN	spirits-linger
27046	The Grey Matter	creepy-creatures
27047	A Quiet Room In Walthamstow	spirits-linger
27048	SALVATORE	slasher
27049	The Quiet	the-real-world-sucks
27050	The Blizzard	spirits-linger
27051	Hello...	spirits-linger
27052	Psycho Path	teenage-turmoil
27053	La Guarida	spanish-scares|all-thriller-no-filler
27054	As Human As Animal	women-in-horror|the-real-world-sucks
27055	Boy's Club	laugh-to-hide-your-fear|zombies
27056	3 Days	women-in-horror
27057	Road Trash	women-in-horror|creepy-creatures
27058	There Can Only Be One	micro-screams|laugh-to-hide-your-fear
27059	Whiteout	all-thriller-no-filler
27060	We Got a Monkey's Paw	pride-all-the-time|laugh-to-hide-your-fear
27061	The Night Bell	historical-horror
27062	Winston	animated-anarchy
27063	The Guest	women-in-horror|spirits-linger
27064	Don't Ever Change	laugh-to-hide-your-fear|all-thriller-no-filler
27065	TOE	animated-anarchy
27066	A DEATH STORY CALLED GIRL	women-in-horror
27067	Operator Ep 1	animated-anarchy|psychological
27068	Eyes of Eidolon	spirits-linger
27069	Malacostraca	creepy-creatures
27070	The Sub	screaming-sci-fi
27071	Ink	women-in-horror
27072	The Herd	psychological
27073	Drum Wave	women-in-horror
27074	When They Say You're Alone	micro-screams
27075	Sea Devil	creepy-creatures
27076	Ayuda	good-guy-vampires
27077	Holiday Fear	laugh-to-hide-your-fear
27078	Starlets	historical-horror
27079	Nadie!	zombies
27080	The House Abandon	all-thriller-no-filler
27081	Isolated	animated-anarchy|zombies
27082	Fry Day	the-real-world-sucks|women-in-horror
27084	My First Time	laugh-to-hide-your-fear
27085	The Gaze	women-in-horror
27086	PIGSKIN	the-final-girls
27087	The Wanderer of Catabranca	spirits-linger
27088	The Fridge	spirits-linger
27089	SHUT EYE	women-in-horror
27090	The Cost of Living	good-guy-vampires|bitesize-vampires|laugh-to-hide-your-fear
27091	ARCANA	cultish-covens
27092	Backstroke	the-real-world-sucks|teenage-turmoil
27093	CRUSH	women-in-horror|pride-all-the-time
27094	Desperate? Defeated? Depressed?	psychological
27095	Homesick	zombies
27096	BOO	women-in-horror
27097	Trust Me: A Witness Account of The Goatman	spirits-linger
27098	Infracktion	creepy-creatures
27099	Mr. Dentonn	spanish-scares
27100	She Lives Alone	spirits-linger
27101	Deep Breaths	spirits-linger
27102	Stand	spirits-linger
27103	The Stylist	women-in-horror
27104	It Came Nameless In Spring	screaming-sci-fi
27105	Lost in the Post	laugh-to-hide-your-fear
27106	High Desert Hell	the-final-girls
27107	The Coatmaker	spirits-linger
27108	Boy gets eaten	psychological
27109	HERE THERE BE MONSTERS	creepy-creatures
27110	Real Gods Require Blood	the-real-world-sucks
27111	Bakemono	spirits-linger
27112	Phototron 69	spirits-linger
27113	The Curse of the Crying Boy	spirits-linger
27114	ANGST, PISS & DRID	the-real-world-sucks
27115	Together	zombies
27116	AMERICAN HELL	the-real-world-sucks
27117	THE OFFERING	all-thriller-no-filler
27118	VW	laugh-to-hide-your-fear
27119	The Haunting of Pottersfield	spirits-linger
27120	VICIOUS	spirits-linger
27122	Polaroid	slasher
27123	In the Basement	the-final-girls
27124	The Follower	teenage-turmoil
27125	SPLINTER	bitesize-vampires|good-guy-vampires
27126	RUBES	laugh-to-hide-your-fear
27127	Birdie	women-in-horror
27128	The Deal	teenage-turmoil
27129	IMMURE	good-guy-vampires
27131	Feed Your Muse	spirits-linger
27132	RETCH	laugh-to-hide-your-fear
27133	Call Girl	women-in-horror|the-final-girls|bitesize-vampires|good-guy-vampires
27134	The Mayflower	run-from-tomorrow
27135	The Rat	teenage-turmoil|women-in-horror
27139	Dead Dad	micro-screams
27140	Atomic Ed	teenage-turmoil|run-from-tomorrow
27141	Dudecreeps	laugh-to-hide-your-fear
27142	I Am Not A Monster	women-in-horror
27143	Two Birds	spirits-linger|pride-all-the-time
27144	Bathroom Troll	pride-all-the-time|holy-hell|teenage-turmoil
27145	HUMAN FORM	the-real-world-sucks
27146	FEEDER	all-thriller-no-filler
27147	My Monster	laugh-to-hide-your-fear|holiday-horror|women-in-horror
27148	The Motorist	cultish-covens
27149	Flick	creepy-creatures
27150	The sound of blue, green and red	psychological
27151	Juliette	animated-anarchy
27152	Gutterwitch	cultish-covens
27153	The Third Hand	spirits-linger
27154	Apollyon	spirits-linger
27155	Payment	pride-all-the-time
27156	The Herd	femme-fatal
27157	The Housesitters	women-in-horror|the-real-world-sucks|all-thriller-no-filler
27158	Black Eyed Child	spanish-scares
27159	The Grot in the Grotto	holiday-horror|laugh-to-hide-your-fear
27160	Self Assembly	creepy-creatures
27161	The Quiet	zombies
27162	Inferno	the-final-girls
27163	Damage Control	spirits-linger
27164	PEEP	psychological
27165	When Susurrus Stirs	creepy-creatures
27166	CLOVEN	spirits-linger
27167	GWILLIAM	laugh-to-hide-your-fear
27169	FILTH	animated-anarchy
27170	The Daughters of Virtue	holy-hell
27172	3:36	spirits-linger
27173	Changeling	women-in-horror
27174	Sports Day	women-in-horror|teenage-turmoil
27175	Balloon	slasher
27176	Guest House	spirits-linger
27177	DEVIL WOMAN	women-in-horror|zombies
27179	Playback	micro-screams
27180	The Howling Wind	all-thriller-no-filler
27181	Cat's Game	all-thriller-no-filler
27182	She Must Vanish	cultish-covens
27183	INSTINCT	pride-all-the-time|women-in-horror
27184	Latency	screaming-sci-fi
27185	THE BOOGEYWOMAN	women-in-horror|teenage-turmoil
27186	LVRS	women-in-horror
27187	Childer	women-in-horror
27188	Nose Nose Nose EYES!	women-in-horror
27189	Last One Screaming	the-final-girls
27190	Bye Bye Baby	cultish-covens
27191	Cassandra	psychological
27192	Snake Eyes: An ASMR Nightmare Experience	spirits-linger
27193	MEOW	laugh-to-hide-your-fear
27194	Drudge	all-thriller-no-filler
27195	Carrie's Doing Great	the-final-girls|run-from-tomorrow
27196	Nightingale	bitesize-vampires|good-guy-vampires
27197	We Together	zombies
27198	CARNIVORE	women-in-horror|femme-fatal
27199	BUDFOOT	laugh-to-hide-your-fear|creepy-creatures
27200	LUCIA	spanish-scares
27201	Distortion	spirits-linger
27202	BITE	spirits-linger
27203	SATANIC PANIC '87	cultish-covens
27204	Jameson	slasher
27205	Moose Limbs	creepy-creatures
27206	Paint Me in the Opera House	spirits-linger
27208	Stories of the Subconscious Mind	psychological
27209	Dog Skin	creepy-creatures
27211	The melody of evil	spanish-scares
27212	Kissed	spirits-linger
27213	Herman	creepy-creatures
27214	CHROMOPHOBIA	screaming-sci-fi
27215	Twinkle	run-from-tomorrow
27216	A-Symmetry	the-real-world-sucks
27217	Brink	the-real-world-sucks|famous-haunted
27218	Shop of Eternal Life	spirits-linger
27219	BRICKS	the-real-world-sucks
27220	Gwilliam's Tips For Turning Tricks Into Treats	laugh-to-hide-your-fear
27221	The Video Store Commercial	laugh-to-hide-your-fear
27222	ROOM 731	historical-horror
27223	The Plumber	spirits-linger
27224	A Visitor	the-real-world-sucks|all-thriller-no-filler
27225	Metamorphosis	women-in-horror|the-real-world-sucks
27227	Liz Drives	women-in-horror|the-real-world-sucks
27228	100,000 Acres of Pine	animated-anarchy
27229	The Itch	psychological
27230	Sweet Tooth	laugh-to-hide-your-fear
27231	The Tooth Fairy	psychological
27232	The Brass Elephant In The Room	psychological
27233	The Only Thing I Love More Than You Is Ranch Dressing	women-in-horror
27235	And The Baby Screamed	spirits-linger|micro-screams
27236	The Last Séance	women-in-horror|the-final-girls|spirits-linger|femme-fatal
27237	Bloodletting	all-thriller-no-filler
27238	Resolut	slasher
27239	Setaceous	creepy-creatures
27240	Deathly	spirits-linger|famous-haunted
27241	ELLA	famous-haunted
27243	TEETH	famous-haunted|animated-anarchy
27244	We Die Alone	all-thriller-no-filler
27245	The Smiling Man	creepy-creatures
27246	Boris In The Forest	laugh-to-hide-your-fear
27247	Ride With The Guilt	psychological
27248	Latched	creepy-creatures
27251	Thicker Than Water	women-in-horror|good-guy-vampires
27252	Feast on the Young	women-in-horror
27253	SLOW CREEP	pride-all-the-time|laugh-to-hide-your-fear
27254	SLUT	femme-fatal
27255	Skintight	women-in-horror
27257	Room Tone	laugh-to-hide-your-fear
27258	PYOTR495	creepy-creatures|pride-all-the-time
27259	Less Than Human	zombies|animated-anarchy
27260	A Doll For Edgar	spirits-linger
27261	Asking for a Friend	women-in-horror|laugh-to-hide-your-fear
27262	Intrusion	the-real-world-sucks
27263	The Plague	spirits-linger
27264	The Disappearance of Willie Bingham	psychological
27265	The Chippie	all-thriller-no-filler
27266	PIG	laugh-to-hide-your-fear
27267	Still	creepy-creatures
27268	Awakenings	spirits-linger
27269	Grief	all-thriller-no-filler
27271	Date From Hell	laugh-to-hide-your-fear
27272	Conventional	the-final-girls|laugh-to-hide-your-fear|famous-haunted
27273	I Who Have No One	slasher
27274	Mirror Gaze	spirits-linger
27275	Goat Witch	cultish-covens|laugh-to-hide-your-fear
27276	The Remnant	spirits-linger
27277	Two Devices Connected	screaming-sci-fi
27278	Odd Girl	femme-fatal
27279	SUPERPOWER GIRL	women-in-horror
27280	Sleepless	all-thriller-no-filler
27281	A FATHER'S DAY	zombies
27282	Peopling	psychological
27283	42 Counts	women-in-horror
27284	A Shot in the Dark	creepy-creatures
27285	Penance	holy-hell|women-in-horror|pride-all-the-time
27286	MOMMY	slasher
27287	Behind	psychological
27288	Shutter	spirits-linger
27289	Rosalina	all-thriller-no-filler
27290	The Color of Your Lips	women-in-horror|run-from-tomorrow
27291	Steve And The Dead Girl	women-in-horror
27292	Altitude	psychological
27293	MJ	psychological
27294	SNAKE DICK	femme-fatal
27295	ALONE TIME	the-real-world-sucks
27296	Point of View	the-final-girls|spirits-linger
27297	A Life Hereafter	spirits-linger|micro-screams
27298	Frost Bite	zombies|holiday-horror
27299	Monster	slasher
27300	The Pig Child	screaming-sci-fi|women-in-horror
27301	Hit	laugh-to-hide-your-fear
27302	Limbo	spanish-scares
27303	Fragile.com	women-in-horror|run-from-tomorrow
27304	Wendy	spirits-linger
27305	Rites of Vengeance	women-in-horror|holy-hell|femme-fatal
27306	Service	laugh-to-hide-your-fear
27307	COIL	creepy-creatures
27308	The Lost Ones	spirits-linger
27309	Not All Abductions are the Good Kind	featured
27310	Happy Endings and New Beginnings	featured
27311	Werewolves Are Real!	featured
27312	Only YOU Can Prevent Zombie Attacks	featured
27313	The Leprechaun of Mobile Alabama	featured
27314	The Internet Killed the Video Store	featured
27315	Sasquatch Is Your BC Bud	featured
27316	Exorcismed!	featured
27320	Satisfaction Guaranteed	earthlings-love-drama|technology
27321	ONE LAST MEAL	women-in-horror|laugh-to-hide-your-fear
27322	When the Howls Find Us	screaming-sci-fi
27323	The Wave	micro-screams|screaming-sci-fi
27324	Third Date	psychological
27325	Paul's Bad Day	zombies|micro-screams
27716	Holy Hell: Vol. 1	tv-series
27717	The Real World Sucks: Vol. 1	tv-series
27718	The Final Girls: Vol. 1	tv-series
27719	Creepy Creatures: Vol. 2	tv-series
27721	Bitesize Vampires: Vol. 1	tv-series
27722	Spirits Linger: Vol. 1	tv-series
27723	Zombies! Vol. 2	tv-series
27724	Pride, All the Time: Vol. 1	tv-series
27725	Femme ♀Fatal: Vol. 1	tv-series
27726	All Thriller, No Filler: Vol. 1	tv-series
27727	Women in Horror: Vol. 1	tv-series
27728	Spanish Scares: Vol. 1	tv-series
27729	Oink 🐷	tv-series
27730	Laugh to Hide Your Fear: Vol. 2	tv-series
27732	Teenage Turmoil: Vol. 2	tv-series
27733	Micro Screams: Vol. 1	tv-series
27734	Screaming Sci-Fi: Vol. 2	tv-series
27735	Cultish Covens: Vol. 2	tv-series
27736	Inspired By...: Vol. 1	tv-series
28240	L'homme est le seul oiseau qui porte sa cage	dystopian|animated-universe
28241	Laugh to Hide Your Fear: Vol. 1	tv-series
28242	Famous & Haunted: Vol. 1	tv-series
28243	Zombies!: Vol. 1	tv-series
28244	Creepy Creatures: Vol. 1	tv-series
28245	Screaming Sci-Fi: Vol. 1	tv-series
28246	Good Guy Vampires: Vol. 1	tv-series
28247	Cultish Covens: Vol. 1	tv-series
28248	Animated Anarchy: Vol. 1	tv-series
28249	Teenage Turmoil: Vol. 1	tv-series
28250	Historical Horror: Vol. 1	tv-series
28251	Run From Tomorrow: Vol. 1 	tv-series
28252	Hey, It's Me.	mysteries-abound|have-time-will-travel|time-travel
28253	Drama	dust-collection|sci-fi
28254	The Past	dust-collection|sci-fi
28255	Invasions	tv-series
28256	Action	tv-series
28257	Love	dust-collection|sci-fi
28258	Rebels	dust-collection|sci-fi
28259	Blast Off	dust-collection|sci-fi
28260	Heroines	dust-collection|sci-fi
28261	Thrills	tv-series
28262	Bright Futures	tv-series
28263	Outer Space	tv-series
28264	Horror	tv-series
28265	Adventures	tv-series
28266	Double Trouble	tv-series
28267	Troubled Relationships	tv-series
28268	International Films	dust-collection|sci-fi
28269	Brilliant Robots	tv-series
28270	Spacetime	tv-series
28271	Timelines	dust-collection|sci-fi
28272	Heroes	tv-series
28274	Retro	tv-series
28275	Mystery	tv-series
28276	Tech Crimes	tv-series
28277	The Universe	tv-series
28278	Romance	tv-series
28279	Antinomy	dust-collection|sci-fi
28280	The Future	tv-series
28281	Bad Tech	tv-series
28282	Human Plus	tv-series
28283	Dystopias	tv-series
28284	Disembodies	comedy-is-universal|horror
28285	The Mailbox	earthlings-love-drama|time-travel
28286	The Edge	dystopian|a-childs-perspective
28288	Cera	ai-robots|mysteries-abound|horror
28319	The Indigo Child	a-childs-perspective|mysteries-abound|fantasy
28320	An Illusory Experience	sci-fi|dust-flow
28321	My House	mysteries-abound|horror
28323	Time Enforcer	time-travel|horror|mysteries-abound
28324	Paradox	tv-series
28325		no-genre
28326	Episode 4	tv-series
28327	Episode 2	tv-series
28328	Episode 9	tv-series
28329	Episode 3	tv-series
28330	Episode 6	tv-series
28331	Episode 8	tv-series
28332	Episode 10	tv-series
28333	Episode 7	tv-series
28334	Episode 5	tv-series
28335	Episode 1	tv-series
28336	Instant Doctor	technology|earthlings-love-drama
28337	Vessel	technology|the-future-of-love
28338	Jeff Drives You	technology|lgbtq
28340	Tethers	time-travel|mysteries-abound|earthlings-love-drama
28341	Ava in the End	out-of-this-world-adventures|ai-robots
28342	Résistance	fantasy|animated-universe
28343	The Lonely Orbit	outer-space-adventures|animated-universe
28344	Call the Sandman	altered-realities|technology|the-future-of-love
28345	Oblivio	mysteries-abound|ai-robots
28346	Infinity 7	earthlings-love-drama|deep-space-adventures
28347	SKIP	have-time-will-travel|the-future-of-love
28348	Cosmo	out-of-this-world-adventures|a-childs-perspective
28349	Penumbra	fantasy|mysteries-abound|horror
28350	Life Support	fantasy|out-of-this-world-adventures
28351	Would You Believe It?	tv-series
28352		no-genre
28353	The Johnstown Flood	would-you-believe-it|tv-series
28354	Turkey Tracks	would-you-believe-it|tv-series
28355	American Stonehenge	would-you-believe-it|tv-series
28356	Mummy in a Catalogue	would-you-believe-it|tv-series
28357	Oddities in Pennsylvania	would-you-believe-it|tv-series
28358	The Bones of 'Mad' Anthony Wayne	would-you-believe-it|tv-series
28359	The Handprint in the Jail Cell	tv-series|would-you-believe-it
28360	The Thief Taker	would-you-believe-it|tv-series
28361	The Liberty Bell	would-you-believe-it|tv-series
28362	America's First Alien Abduction	would-you-believe-it|tv-series
28363	Aliens in New England	would-you-believe-it|tv-series
28364	The Underground Orchard	tv-series|would-you-believe-it
28365	The Brookdale Inn	would-you-believe-it|tv-series
28366	CYBOLICA	horror
28369	DUST Podcast | Mini Season	dust-podcast|trailer
28370	The Chef	ai-robots
28371	Aftermath	post-apocalyptic-scenarios|comedy-is-universal
28372	Kepler X-47	deep-space-adventures|mysteries-abound
28373	Ikarus	thriller|out-of-this-world-adventures
28374	Recursion	deep-space-adventures|horror
28375	The Emissary	deep-space-adventures|earthlings-love-drama
28376	The Trap	mysteries-abound|aliens-monsters
28377	Tabula Rasa	experimental|a-childs-perspective|mysteries-abound
28378	Zelos	technology|earthlings-love-drama
28379	Deus Otiosus	fantasy
28380	Virtuosity	feature-film
28381	Critical Component	ai-robots|animated-universe
28382	Swipe Up, Vivian!	lgbtq|the-future-of-love
28383	Human Resources of Ugago	ai-robots|comedy-is-universal
28384	Like Us	aliens-monsters|earthlings-love-drama
